<?xml version="1.0" encoding="UTF-8"?>
<!DOCTYPE syntax SYSTEM "symbol.dtd">
<symbols>

    <blocks>
        <beginregex>{</beginregex>
        <endregex>}</endregex>
    </blocks>
    
    <symbol id="Classes" image="SymbolC" indentation="0" ignoreblocks="yes">
        <regex>(?&lt;=[\n\r])\s*class\s+([^\s]*)</regex>
    </symbol>

    <symbol id="Functions in Classes" image="SymbolF()" indentation="0" ignoreblocks="yes">
        <regex>(?&lt;=public|private|protected)\s+(?:\w*\s+)*function\s+([^{\s]*)(?=\s*\{)</regex>
        <postprocess>
            <find>\([^\)]*\)</find>
            <replace>()</replace>
            <find>\).*</find>
            <replace>)</replace>
            <find>[\n\r]</find>
            <replace> </replace>
            <find>[ \t]+</find>
            <replace> </replace>
        </postprocess>
    </symbol>

    <symbol id="Functions" image="SymbolF()" indentation="0" ignoreblocks="yes">
        <regex>(?&lt;=[\n\r])\s*function\s+([^{]*)(?=\s*\{)</regex>
        <postprocess>
            <find>\([^\)]*\)</find>
            <replace>()</replace>
            <find>[\n\r]</find>
            <replace> </replace>
            <find>[ \t]+</find>
            <replace> </replace>
        </postprocess>
    </symbol>

    <symbol id="Funtions 2" image="SymbolF()" indentation="0" ignoreblocks="yes">
        <regex>(?&lt;=[\n\r])[ \t]*=[ \t]*function[ \t]+(?=[ \t]*\()</regex>
        <postprocess>
            <find>^[= \t]*</find>
            <replace></replace>
            <find>\([^\)]*\)</find>
            <replace>()</replace>
            <find>[ \t]+</find>
            <replace> </replace>
        </postprocess>
    </symbol>

    <symbol id="CVS/SVN conflict" font-weight="bold" image="SymbolWarn" indentation="0" ignoreblocks="no">
        <regex>^&lt;&lt;&lt;&lt;&lt;&lt;&lt;[^=]*======[^&gt;]*&gt;&gt;&gt;&gt;&gt;&gt;&gt;</regex>
        <postprocess>
            <find>.*</find>
            <replace>Versioning conflict!</replace>
        </postprocess>
    </symbol>

</symbols>