<?xml version="1.0" encoding="UTF-8"?>
<!DOCTYPE syntax SYSTEM "syntax.dtd">
<syntax>

    <head>
        <name>ActionScript</name> <!-- The definitions title -->
        <charsintokens><![CDATA[_0987654321abcdefghijklmnopqrstuvwxyzABCDEFGHIJKLMNOPQRSTUVWXYZ@]]></charsintokens> <!-- Valid Characters for Variables -->
        <!-- <charsdelimitingtokens></charsdelimitingtokens> -->
    </head>

    <states>
    
        <default id="Base" color="#000" background-color="#fff" font-weight="normal" font-style="normal">
            <keywords id="Functions and Classes" color="#881280" useforautocomplete="yes">
				<string>Accessibility</string>				<string>isActive</string>				<string>updateProperties</string>				<string>SendEvent</string>				<string>arguments</string>				<string>callee</string>				<string>caller</string>				<string>length</string>				<string>Application</string>				<string>acceptConnection</string>				<string>clearSharedObjects</string>				<string>clearStreams</string>				<string>clients</string>				<string>disconnect</string>				<string>name</string>				<string>onAppStart</string>				<string>onAppStop</string>				<string>onConnect</string>				<string>onDisconnect</string>				<string>onStatus</string>				<string>registerClass</string>				<string>registerProxy</string>				<string>rejectConnection</string>				<string>server</string>				<string>Array</string>				<string>concat</string>				<string>join</string>				<string>length</string>				<string>pop</string>				<string>push</string>				<string>qsort</string>				<string>reverse</string>				<string>shift</string>				<string>slice</string>				<string>sort</string>				<string>sortOn</string>				<string>splice</string>				<string>toString</string>				<string>unshift</string>				<string>ASBroadcaster</string>				<string>addListener</string>				<string>broadcastMessage</string>				<string>initialize</string>				<string>removeListener</string>				<string>Boolean</string>				<string>toString</string>				<string>valueOf</string>				<string>Button</string>				<string>enabled</string>				<string>getDepth</string>				<string>menu</string>				<string>onDragOut</string>				<string>onDragOver</string>				<string>onKeyUp</string>				<string>onKillFocus</string>				<string>onPress</string>				<string>onRelease</string>				<string>onReleaseOutside</string>				<string>onRollOut</string>				<string>onRollOver</string>				<string>onSetFocus</string>				<string>tabEnabled</string>				<string>tabIndex</string>				<string>trackAsMenu</string>				<string>useHandCursor</string>				<string>Camera</string>				<string>activityLevel</string>				<string>bandwidth</string>				<string>currentFps</string>				<string>fps</string>				<string>get</string>				<string>height</string>				<string>index</string>				<string>keyFrameInterval</string>				<string>loopback</string>				<string>motionLevel</string>				<string>motionTimeOut</string>				<string>muted</string>				<string>name</string>				<string>names</string>				<string>onActivity</string>				<string>onStatus</string>				<string>quality</string>				<string>setKeyFrameInterval</string>				<string>setLoopback</string>				<string>setMode</string>				<string>setMotionLevel</string>				<string>setQuality</string>				<string>width</string>				<string>Client</string>				<string>agent</string>				<string>call</string>				<string>getBandwidthLimit</string>				<string>ip</string>				<string>readAccess</string>				<string>referrer</string>				<string>__resolve</string>				<string>setBandwidthLimit</string>				<string>writeAccess</string>				<string>Color</string>				<string>getRGB</string>				<string>getTransform</string>				<string>setRGB</string>				<string>setTransform</string>				<string>ContextMenu</string>				<string>copy</string>				<string>hideBuiltInItems</string>				<string>builtInItems</string>				<string>customItems</string>				<string>onSelect</string>				<string>Cookie</string>				<string>getCookie</string>				<string>setCookie</string>				<string>ContextMenuItem</string>				<string>copy</string>				<string>caption</string>				<string>enabled</string>				<string>separatorBefore</string>				<string>visible</string>				<string>onSelect</string>				<string>CustomActions</string>				<string>apply</string>				<string>get</string>				<string>install</string>				<string>isPropertyEnumerable</string>				<string>isPrototypeOf</string>				<string>list</string>				<string>proto</string>				<string>registerClass</string>				<string>toLocaleString</string>				<string>uninstall</string>				<string>DataGlue</string>				<string>bindFormatStrings</string>				<string>bindFormatFunction</string>				<string>Date</string>				<string>getDate</string>				<string>getDay</string>				<string>getFullYear</string>				<string>getHours</string>				<string>getMilliseconds</string>				<string>getMinutes</string>				<string>getMonth</string>				<string>getSeconds</string>				<string>getTime</string>				<string>getTimezoneOffset</string>				<string>getUTCDate</string>				<string>getUTCDay</string>				<string>getUTCFullYear</string>				<string>getUTCHours</string>				<string>getUTCMilliseconds</string>				<string>getUTCMinutes</string>				<string>getUTCMonth</string>				<string>getUTCSeconds</string>				<string>getYear</string>				<string>setDate</string>				<string>setFullYear</string>				<string>setHours</string>				<string>setMilliseconds</string>				<string>setMinutes</string>				<string>setMonth</string>				<string>setSeconds</string>				<string>setTime</string>				<string>setUTCDate</string>				<string>setUTCFullYear</string>				<string>setUTCHours</string>				<string>setUTCMilliseconds</string>				<string>setUTCMinutes</string>				<string>setUTCMonth</string>				<string>setUTCSeconds</string>				<string>setYear</string>				<string>toString</string>				<string>UTC</string>				<string>Error</string>				<string>message</string>				<string>toString</string>				<string>name</string>				<string>FAdvancedMessageBox</string>				<string>addIcon</string>				<string>clearTimeout</string>				<string>getActivateHandler</string>				<string>getActiveState</string>				<string>getButtons</string>				<string>getButtonWidth</string>				<string>getCloseHandler</string>				<string>getEnabled</string>				<string>getHeight</string>				<string>getIcon</string>				<string>getMessage</string>				<string>getScrollbarState</string>				<string>getSize</string>				<string>getTimeoutHandler</string>				<string>getTimeoutState</string>				<string>getTitle</string>				<string>getTitlebarHeight</string>				<string>getWidth</string>				<string>registerSkinElement</string>				<string>setActivateHandler</string>				<string>setActiveState</string>				<string>setButtons</string>				<string>setButtonWidth</string>				<string>setCloseHandler</string>				<string>setEnabled</string>				<string>setIcon</string>				<string>setMessage</string>				<string>setScrollbarState</string>				<string>setSize</string>				<string>setStyleProperty</string>				<string>setTimeout</string>				<string>setTimeoutHandler</string>				<string>setTitle</string>				<string>setTitlebarHeight</string>				<string>FBarChart</string>				<string>addItem</string>				<string>addItemAt</string>				<string>getChartTitle</string>				<string>getEnabled</string>				<string>getItemAt</string>				<string>getLabelSource</string>				<string>getLength</string>				<string>getValueSource</string>				<string>getXAxisTitle</string>				<string>getYAxisTitle</string>				<string>removeAll</string>				<string>removeItemAt</string>				<string>setChartEventHandler</string>				<string>setChartTitle</string>				<string>setDataProvider</string>				<string>setEnabled</string>				<string>setLabelSource</string>				<string>setSize</string>				<string>setValueSource</string>				<string>setXAxisTitle</string>				<string>setYAxisTitle</string>				<string>sortItemsBy</string>				<string>FCalendar</string>				<string>getDayOfWeekNames</string>				<string>getDisplayedMonth</string>				<string>getDisplayRange</string>				<string>getEnabled</string>				<string>getFirstDayOfWeek</string>				<string>getMonthNames</string>				<string>getSelectedItem</string>				<string>getSelectedItems</string>				<string>getSelectionRequired</string>				<string>getSelectionType</string>				<string>getShowAsDisabled</string>				<string>registerSkinElement</string>				<string>setChangeHandler</string>				<string>setDateFilter</string>				<string>setDayOfWeekNames</string>				<string>setDisplayedMonth</string>				<string>setDisplayRange</string>				<string>setEnabled</string>				<string>setFirstDayOfWeek</string>				<string>setMonthNames</string>				<string>setSelectedItem</string>				<string>setSelectedItems</string>				<string>setSelectionRequired</string>				<string>setSelectionType</string>				<string>setShowAsDisabled</string>				<string>setSize</string>				<string>setStyleProperty</string>				<string>FCheckbox</string>				<string>getEnabled</string>				<string>getLabel</string>				<string>getValue</string>				<string>registerSkinElement</string>				<string>setChangeHandler</string>				<string>setEnabled</string>				<string>setLabel</string>				<string>setLabelPlacement</string>				<string>setSize</string>				<string>setStyleProperty</string>				<string>setValue</string>				<string>FComboBox</string>				<string>addItem</string>				<string>addItemAt</string>				<string>getEnabled</string>				<string>getItemAt</string>				<string>getLength</string>				<string>getRowCount</string>				<string>getScrollPosition</string>				<string>getSelectedIndex</string>				<string>getSelectedItem</string>				<string>getValue</string>				<string>registerSkinElement</string>				<string>removeAll</string>				<string>removeItemAt</string>				<string>replaceItemAt</string>				<string>setChangeHandler</string>				<string>setDataProvider</string>				<string>setEditable</string>				<string>setEnabled</string>				<string>setItemSymbol</string>				<string>setRowCount</string>				<string>setSelectedIndex</string>				<string>setSize</string>				<string>setStyleProperty</string>				<string>setValue</string>				<string>sortItemsBy</string>				<string>FDataGrid</string>				<string>addColumn</string>				<string>addColumnAt</string>				<string>addItem</string>				<string>addItemAt</string>				<string>alternateRowColors</string>				<string>getColumnAt</string>				<string>getColumnCount</string>				<string>getColumnIndex</string>				<string>getEnabled</string>				<string>getItemAt</string>				<string>getLength</string>				<string>getOriginalCellData</string>				<string>getRowCount</string>				<string>getScrollPosition</string>				<string>getSelectedCell</string>				<string>getSelectedIndex</string>				<string>getSelectedIndices</string>				<string>getSelectedItem</string>				<string>getSelectedItems</string>				<string>removeAllColumns</string>				<string>removeAllItems</string>				<string>removeColumnAt</string>				<string>removeItemAt</string>				<string>replaceItemAt</string>				<string>setCellData</string>				<string>setChangeHandler</string>				<string>setColumns</string>				<string>setDataProvider</string>				<string>setEditable</string>				<string>setEditHandler</string>				<string>setEnabled</string>				<string>setResizableColumns</string>				<string>setRowCount</string>				<string>setRowHeight</string>				<string>setScrollPosition</string>				<string>setSelectable</string>				<string>setSelectedCell</string>				<string>setSelectedIndex</string>				<string>setSelectedIndices</string>				<string>setSelectMultiple</string>				<string>setSize</string>				<string>setSortableColumns</string>				<string>setVScroll</string>				<string>showBorder</string>				<string>showColumnHeaders</string>				<string>showGridLines</string>				<string>sort</string>				<string>sortItemsBy</string>				<string>spaceColumnsEqually</string>				<string>FDraggablePane</string>				<string>closePane</string>				<string>disableCloseBox</string>				<string>disableShader</string>				<string>enableCloseBox</string>				<string>enableShader</string>				<string>getEnabled</string>				<string>getHasCloseBox</string>				<string>getHasShader</string>				<string>getPaneMaximums</string>				<string>getPaneMinimums</string>				<string>getPaneTitle</string>				<string>getResizable</string>				<string>getScrollContent</string>				<string>getScrolling</string>				<string>getScrollPosition</string>				<string>getTitlebarHeight</string>				<string>loadScrollContent</string>				<string>refreshScrollContent</string>				<string>registerSkinElement</string>				<string>restorePane</string>				<string>setCloseHandler</string>				<string>setContentSize</string>				<string>setDragContent</string>				<string>setEnabled</string>				<string>setHasCloseBox</string>				<string>setHasShader</string>				<string>setPaneMaximumSize</string>				<string>setPaneMinimumSize</string>				<string>setPaneSize</string>				<string>setPaneTitle</string>				<string>setResizable</string>				<string>setScrollContent</string>				<string>setScrolling</string>				<string>setScrollPosition</string>				<string>setStyleProperty</string>				<string>setTitleBarHeight</string>				<string>shadePane</string>				<string>FIconButton</string>				<string>getBackground</string>				<string>getEnabled</string>				<string>getIcon</string>				<string>getLabel</string>				<string>getToggle</string>				<string>getValue</string>				<string>registerSkinElement</string>				<string>removeBackground</string>				<string>setBackground</string>				<string>setChangeHandler</string>				<string>setEnabled</string>				<string>setIcon</string>				<string>setLabel</string>				<string>setLabelPlacement</string>				<string>setSize</string>				<string>setStyleProperty</string>				<string>setToggle</string>				<string>setValue</string>				<string>FGridColumn</string>				<string>getHeader</string>				<string>getWidth</string>				<string>setCellSymbol</string>				<string>setEditable</string>				<string>setHeader</string>				<string>setHeaderSymbol</string>				<string>setResizable</string>				<string>setSortable</string>				<string>setSortFunction</string>				<string>setWidth</string>				<string>FLineChart</string>				<string>addItem</string>				<string>addItemAt</string>				<string>getChartTitle</string>				<string>getEnabled</string>				<string>getHighlights</string>				<string>getItemAt</string>				<string>getLabelSource</string>				<string>getLength</string>				<string>getLineColor</string>				<string>getLineWeight</string>				<string>getValueSource</string>				<string>getXAxisTitle</string>				<string>getYAxisTitle</string>				<string>removeAll</string>				<string>removeItemAt</string>				<string>setChartEventHandler</string>				<string>setChartTitle</string>				<string>setDataProvider</string>				<string>setEnabled</string>				<string>setHighlights</string>				<string>setLabelSource</string>				<string>setLineColor</string>				<string>setLineWeight</string>				<string>setSize</string>				<string>setValueSource</string>				<string>setXAxisTitle</string>				<string>setYAxisTitle</string>				<string>sortItemsBy</string>				<string>FListBox</string>				<string>addItem</string>				<string>addItemAt</string>				<string>getEnabled</string>				<string>getItemAt</string>				<string>getLength</string>				<string>getRowCount</string>				<string>getScrollPosition</string>				<string>getSelectedIndex</string>				<string>getSelectedIndices</string>				<string>getSelectedItem</string>				<string>getSelectedItems</string>				<string>getSelectMultiple</string>				<string>getValue</string>				<string>registerSkinElement</string>				<string>removeAll</string>				<string>removeItemAt</string>				<string>replaceItemAt</string>				<string>setAutoHideScrollBar</string>				<string>setChangeHandler</string>				<string>setDataProvider</string>				<string>setEnabled</string>				<string>setItemSymbol</string>				<string>setRowCount</string>				<string>setScrollPosition</string>				<string>setSelectedIndex</string>				<string>setSelectedIndices</string>				<string>setSelectMultiple</string>				<string>setSize</string>				<string>setStyleProperty</string>				<string>setWidth</string>				<string>sortItemsBy</string>				<string>FLoadingBox</string>				<string>addAnimation</string>				<string>clearTimeout</string>				<string>getActivateHandler</string>				<string>getActiveState</string>				<string>getActiveStateHandler</string>				<string>getAnimation</string>				<string>getButtons</string>				<string>getButtonWidth</string>				<string>getCloseHandler</string>				<string>getEnabled</string>				<string>getHeight</string>				<string>getMessage</string>				<string>getSize</string>				<string>getTimeoutHandler</string>				<string>getTimeoutState</string>				<string>getWidth</string>				<string>registerSkinElement</string>				<string>restartAnimation</string>				<string>setActivateHandler</string>				<string>setActiveState</string>				<string>setActiveStateHandler</string>				<string>setAnimation</string>				<string>setButtons</string>				<string>setButtonWidth</string>				<string>setCloseHandler</string>				<string>setEnabled</string>				<string>setMessage</string>				<string>setSize</string>				<string>setStyleProperty</string>				<string>setTimeout</string>				<string>setTimeoutHandler</string>				<string>setTitle</string>				<string>setTitlebarHeight</string>				<string>startAnimation</string>				<string>stopAnimation</string>				<string>FMessageBox</string>				<string>getButtons</string>				<string>getButtonWidth</string>				<string>getEnabled</string>				<string>getIcon</string>				<string>getMessage</string>				<string>getTitle</string>				<string>getTitleBarHeight</string>				<string>registerSkinElement</string>				<string>setActiveHandler</string>				<string>setButtons</string>				<string>setButtonWidth</string>				<string>setCloseHandler</string>				<string>setEnabled</string>				<string>setIcon</string>				<string>setMessage</string>				<string>setSize</string>				<string>setStyleProperty</string>				<string>setTitle</string>				<string>setTitleBarHeight</string>				<string>FPieChart</string>				<string>addItem</string>				<string>addItemAt</string>				<string>getChartTitle</string>				<string>getEnabled</string>				<string>getItemAt</string>				<string>getLabelSource</string>				<string>getLength</string>				<string>getValueSource</string>				<string>removeAll</string>				<string>removeItemAt</string>				<string>setChartEventHandler</string>				<string>setChartTitle</string>				<string>setDataProvider</string>				<string>setEnabled</string>				<string>setLabelSource</string>				<string>setSize</string>				<string>setValueSource</string>				<string>sortItemsBy</string>				<string>FProgressBar</string>				<string>getLoadTarget</string>				<string>getMaximum</string>				<string>getMinimum</string>				<string>getPercentComplete</string>				<string>getValue</string>				<string>registerSkinElement</string>				<string>setChangeHandler</string>				<string>setDisplayGraphics</string>				<string>setDisplayText</string>				<string>setLoadTarget</string>				<string>setMaximum</string>				<string>setMinimum</string>				<string>setPercentComplete</string>				<string>setProgress</string>				<string>setSize</string>				<string>setStyleProperty</string>				<string>setValue</string>				<string>FPromptBox</string>				<string>addIcon</string>				<string>getActivateHandler</string>				<string>getActiveState</string>				<string>getButtons</string>				<string>getButtonWidth</string>				<string>getCloseHandler</string>				<string>getEnabled</string>				<string>getHeight</string>				<string>getIcon</string>				<string>getMessage</string>				<string>getSize</string>				<string>getTitle</string>				<string>getTitlebarHeight</string>				<string>getUserInput</string>				<string>getWidth</string>				<string>registerSkinElement</string>				<string>setActivateHandler</string>				<string>setActiveState</string>				<string>setButtons</string>				<string>setButtonWidth</string>				<string>setCloseHandler</string>				<string>setEnabled</string>				<string>setIcon</string>				<string>setInputProperty</string>				<string>setMessage</string>				<string>setSize</string>				<string>setStyleProperty</string>				<string>setTitle</string>				<string>setTitlebarHeight</string>				<string>setUserInput</string>				<string>updateInputProperties</string>				<string>FPushButton</string>				<string>getEnabled</string>				<string>getLabel</string>				<string>registerSkinElement</string>				<string>setClickHandler</string>				<string>setEnabled</string>				<string>setLabel</string>				<string>setSize</string>				<string>setStyleProperty</string>				<string>FRadioButton</string>				<string>getData</string>				<string>getEnabled</string>				<string>getLabel</string>				<string>getState</string>				<string>getValue</string>				<string>registerSkinElement</string>				<string>setChangeHandler</string>				<string>setData</string>				<string>setEnabled</string>				<string>setGroupName</string>				<string>setLabel</string>				<string>setLabelPlacement</string>				<string>setSize</string>				<string>setState</string>				<string>setStyleProperty</string>				<string>setValue</string>				<string>FScrollBar</string>				<string>getEnabled</string>				<string>getScrollPosition</string>				<string>registerSkinElement</string>				<string>setChangeHandler</string>				<string>setEnabled</string>				<string>setHorizontal</string>				<string>setLargeScroll</string>				<string>setScrollContent</string>				<string>setScrollPosition</string>				<string>setScrollProperties</string>				<string>setScrollTarget</string>				<string>setSize</string>				<string>setSmallScroll</string>				<string>setStyleProperty</string>				<string>FScrollPane</string>				<string>getPaneHeight</string>				<string>getPaneWidth</string>				<string>getScrollContent</string>				<string>getScrollPosition</string>				<string>loadScrollContent</string>				<string>refreshPane</string>				<string>registerSkinElement</string>				<string>setDragContent</string>				<string>setHScroll</string>				<string>setScrollContent</string>				<string>setScrollPosition</string>				<string>setSize</string>				<string>setStyleProperty</string>				<string>setVScroll</string>				<string>FSplitView</string>				<string>getContent</string>				<string>getOrientation</string>				<string>getSplitterBarPosition</string>				<string>setContent</string>				<string>setOrientation</string>				<string>setSize</string>				<string>setSplitterBarPosition</string>				<string>FStyleFormat</string>				<string>addListener</string>				<string>applyChanges</string>				<string>arrow</string>				<string>background</string>				<string>backgroundDisabled</string>				<string>check</string>				<string>darkshadow</string>				<string>face</string>				<string>foregroundDisabled</string>				<string>highlight</string>				<string>highlight2D</string>				<string>highlight3D</string>				<string>radioDot</string>				<string>removeListener</string>				<string>scrollTrack</string>				<string>selection</string>				<string>selectionDisabled</string>				<string>selectionUnfocused</string>				<string>shadow</string>				<string>textAlign</string>				<string>textBold</string>				<string>textColor</string>				<string>textDisabled</string>				<string>textFont</string>				<string>textIndent</string>				<string>textItalic</string>				<string>textLeftMargin</string>				<string>textRightMargin</string>				<string>textSelected</string>				<string>textSize</string>				<string>textUnderline</string>				<string>FTicker</string>				<string>addItem</string>				<string>addItemAt</string>				<string>addListener</string>				<string>getDataAllFormat</string>				<string>getDataAllHeight</string>				<string>getDataAllProperty</string>				<string>getDataAllWidth</string>				<string>getDataItemFormat</string>				<string>getDataItemProperty</string>				<string>getDataItemText</string>				<string>getDataMapping</string>				<string>getDataMappings</string>				<string>getDirection</string>				<string>getFrameColor</string>				<string>getFrameWidth</string>				<string>getHeaderFormat</string>				<string>getHeaderHeight</string>				<string>getHeaderLocation</string>				<string>getHeaderProperty</string>				<string>getHeaderText</string>				<string>getHeaderWidth</string>				<string>getHeight</string>				<string>getHighlightColor</string>				<string>getItemAt</string>				<string>getItemID</string>				<string>getLength</string>				<string>getOrientation</string>				<string>getScrollLocation</string>				<string>getScrollSpeed</string>				<string>getSmoothness</string>				<string>getSpacing</string>				<string>getStopOnFocus</string>				<string>getWidth</string>				<string>getX</string>				<string>getY</string>				<string>removeAll</string>				<string>removeItemAt</string>				<string>replaceItemAt</string>				<string>setClickHandler</string>				<string>setDataAllFormat</string>				<string>setDataAllHeight</string>				<string>setDataAllProperty</string>				<string>setDataAllWidth</string>				<string>setDataItemFormat</string>				<string>setDataItemProperty</string>				<string>setDataItemText</string>				<string>setDataMapping</string>				<string>setDataMappings</string>				<string>setDataProvider</string>				<string>setDefaultMappings</string>				<string>setDirection</string>				<string>setFrameColor</string>				<string>setFrameWidth</string>				<string>setHeaderFormat</string>				<string>setHeaderHeight</string>				<string>setHeaderLocation</string>				<string>setHeaderProperty</string>				<string>setHeaderText</string>				<string>setHeaderWidth</string>				<string>setHighlightColor</string>				<string>setOrientation</string>				<string>setScrollLocation</string>				<string>setScrollSpeed</string>				<string>setSize</string>				<string>setSmoothness</string>				<string>setSpacing</string>				<string>setStopOnFocus</string>				<string>setX</string>				<string>setY</string>				<string>sortItemsBy</string>				<string>FTooltip</string>				<string>getActiveState</string>				<string>getAutoHeight</string>				<string>getDelay</string>				<string>getDisplayClip</string>				<string>getDisplayMode</string>				<string>getFadeInLength</string>				<string>getFadeOutLength</string>				<string>getMultilineMode</string>				<string>getSize</string>				<string>getTip</string>				<string>getTipOffset</string>				<string>getTipTarget</string>				<string>getUseFade</string>				<string>getUseHandCursor</string>				<string>getUseShadow</string>				<string>registerSkinElement</string>				<string>setActiveState</string>				<string>setAutoHeight</string>				<string>setDelay</string>				<string>setDisplayClip</string>				<string>setDisplayMode</string>				<string>setFadeInLength</string>				<string>setFadeOutLength</string>				<string>setMultilineMode</string>				<string>setSize</string>				<string>setStyleProperty</string>				<string>setTip</string>				<string>setTipOffset</string>				<string>setTipTarget</string>				<string>setUseFade</string>				<string>setUseHandCursor</string>				<string>setUseShadow</string>				<string>FTooltipLite</string>				<string>getActiveState</string>				<string>getDelay</string>				<string>getTip</string>				<string>getUseHandCursor</string>				<string>registerSkinElement</string>				<string>setActiveState</string>				<string>setDelay</string>				<string>setTip</string>				<string>setUseHandCursor</string>				<string>FTree</string>				<string>addNode</string>				<string>addNodeAt</string>				<string>getAutoHideScrollBar</string>				<string>getDefaultNodeIconSymbolName</string>				<string>getDrawConnectors</string>				<string>getEnabled</string>				<string>getExpanderSymbolName</string>				<string>getExandNodeTrigger</string>				<string>getFirstVisibleNode</string>				<string>getNodeAt</string>				<string>getRootNode</string>				<string>getRowCount</string>				<string>getSelectedNode</string>				<string>getSelectedNodes</string>				<string>getSelectStyle</string>				<string>getTreeLength</string>				<string>getWidth</string>				<string>refresh</string>				<string>registerSkinElement</string>				<string>removeAll</string>				<string>removeNode</string>				<string>removeNodeAt</string>				<string>setAutoHideScrollBar</string>				<string>setChangeHandler</string>				<string>setDataProvider</string>				<string>setDefaultNodeIconSymbolName</string>				<string>setDrawConnectors</string>				<string>setEnabled</string>				<string>setExpanderSymbolName</string>				<string>setExpandNodeTrigger</string>				<string>setFirstVisibleNode</string>				<string>setNodeExpansionHandler</string>				<string>setRootNode</string>				<string>setRowCount</string>				<string>setSelectedNode</string>				<string>setSelectedNodes</string>				<string>setSelectStyle</string>				<string>setSize</string>				<string>setStyleProperty</string>				<string>setWidth</string>				<string>FTreeNode</string>				<string>addNode</string>				<string>addNodeAt</string>				<string>getChildNodes</string>				<string>getData</string>				<string>getIconSymbolName</string>				<string>getLabel</string>				<string>getNumChildren</string>				<string>getParentNode</string>				<string>isBranch</string>				<string>isOpen</string>				<string>removeNodeAt</string>				<string>removeNodesAt</string>				<string>setChildNodes</string>				<string>setData</string>				<string>setDataProvider</string>				<string>setIconSymbolName</string>				<string>setIsBranch</string>				<string>setIsOpen</string>				<string>setLabel</string>				<string>setNodeProperties </string>				<string>Function</string>				<string>apply</string>				<string>call</string>				<string>prototype</string>				<string>Key</string>				<string>addListener</string>				<string>BACKSPACE</string>				<string>broadcastMessage</string>				<string>CAPSLOCK</string>				<string>CONTROL</string>				<string>DELETEKEY</string>				<string>DOWN</string>				<string>END</string>				<string>ENTER</string>				<string>ESCAPE</string>				<string>getAscii</string>				<string>getCode</string>				<string>HOME</string>				<string>INSERT</string>				<string>isDown</string>				<string>isToggled</string>				<string>LEFT</string>				<string>onKeyDown</string>				<string>onKeyUp</string>				<string>PGDN</string>				<string>PGUP</string>				<string>removeListener</string>				<string>RIGHT</string>				<string>SHIFT</string>				<string>SPACE</string>				<string>TAB</string>				<string>UP</string>				<string>LoadVars</string>				<string>addRequestHeader</string>				<string>contentType</string>				<string>decode</string>				<string>getBytesLoaded</string>				<string>getBytesTotal</string>				<string>load</string>				<string>loaded</string>				<string>onData</string>				<string>onLoad</string>				<string>send</string>				<string>sendAndLoad</string>				<string>toString</string>				<string>LocalConnection</string>				<string>allowDomain</string>				<string>close</string>				<string>connect</string>				<string>domain</string>				<string>send</string>				<string>Math</string>				<string>abs</string>				<string>acos</string>				<string>asin</string>				<string>atan</string>				<string>atan2</string>				<string>ceil</string>				<string>cos</string>				<string>E</string>				<string>exp</string>				<string>floor</string>				<string>log</string>				<string>LOG2E</string>				<string>LOG10E</string>				<string>LN2</string>				<string>LN10</string>				<string>max</string>				<string>min</string>				<string>PI</string>				<string>pow</string>				<string>random</string>				<string>round</string>				<string>sin</string>				<string>sqrt</string>				<string>SQRT1_2</string>				<string>SQRT2</string>				<string>tan</string>				<string>Microphone</string>				<string>activityLevel</string>				<string>gain</string>				<string>get</string>				<string>index</string>				<string>muted</string>				<string>name</string>				<string>names</string>				<string>onActivity</string>				<string>onStatus</string>				<string>rate</string>				<string>setGain</string>				<string>setRate</string>				<string>setSilenceLevel</string>				<string>setUseEchoSuppression</string>				<string>silenceLevel</string>				<string>silenceTimeOut</string>				<string>useEchoSuppression</string>				<string>Mouse</string>				<string>addListener</string>				<string>broadcastMessage</string>				<string>hide</string>				<string>onMouseDown</string>				<string>onMouseMove</string>				<string>onMouseUp</string>				<string>onMouseWheel</string>				<string>removeListener</string>				<string>show</string>				<string>MovieClip</string>				<string>attachAudio</string>				<string>attachMovie</string>				<string>attachVideo</string>				<string>beginFill</string>				<string>beginGradientFill</string>				<string>clear</string>				<string>createEmptyMovieClip</string>				<string>createTextField</string>				<string>curveTo</string>				<string>duplicateMovieClip</string>				<string>enabled</string>				<string>endFill</string>				<string>focusEnabled</string>				<string>getBounds</string>				<string>getBytesLoaded</string>				<string>getBytesTotal</string>				<string>getDepth</string>				<string>getInstanceAtDepth</string>				<string>getNextHighestDepth</string>				<string>getSWFVersion</string>				<string>getURL</string>				<string>globalToLocal</string>				<string>gotoAndPlay</string>				<string>gotoAndStop</string>				<string>hitArea</string>				<string>hitTest</string>				<string>lineStyle</string>				<string>lineTo</string>				<string>loadMovie</string>				<string>loadVariables</string>				<string>localToGlobal</string>				<string>meth</string>				<string>moveTo</string>				<string>nextFrame</string>				<string>onData</string>				<string>onDragOut</string>				<string>onDragOver</string>				<string>onEnterFrame</string>				<string>onKeyDown</string>				<string>onKeyUp</string>				<string>onKillFocus</string>				<string>onLoad</string>				<string>onMouseDown</string>				<string>onMouseMove</string>				<string>onMouseUp</string>				<string>onPress</string>				<string>onRelease</string>				<string>onRelaseOutside</string>				<string>onRollOut</string>				<string>onRollOver</string>				<string>onSetFocus</string>				<string>onUnload</string>				<string>play</string>				<string>prevFrame</string>				<string>removeMovieClip</string>				<string>setMask</string>				<string>startDrag</string>				<string>stop</string>				<string>stopDrag</string>				<string>swapDepths</string>				<string>tabChildren</string>				<string>tabEnabled</string>				<string>tabIndex</string>				<string>trackAsMenu</string>				<string>unloadMovie</string>				<string>useHandCursor</string>				<string>NetConnection</string>				<string>addheader</string>				<string>call</string>				<string>close</string>				<string>connect</string>				<string>getDebugConfig</string>				<string>getDebugID</string>				<string>getService</string>				<string>onStatus</string>				<string>setCredentials</string>				<string>setDebugID</string>				<string>trace</string>				<string>NetDebug</string>				<string>trace</string>				<string>NetDebugConfig</string>				<string>getDebug</string>				<string>setDebug</string>				<string>NetServices</string>				<string>createGatewayConnection</string>				<string>setDefaultGatewayURL</string>				<string>Netstream</string>				<string>attachAudio</string>				<string>attachVideo</string>				<string>bufferLength</string>				<string>bufferTime</string>				<string>bytesLoaded</string>				<string>bytesTotal</string>				<string>currentFps</string>				<string>close</string>				<string>onStatus</string>				<string>pause</string>				<string>play</string>				<string>publish</string>				<string>receiveAudio</string>				<string>receiveVideo</string>				<string>seek</string>				<string>send</string>				<string>setBufferTime</string>				<string>time</string>				<string>Number</string>				<string>MAX_VALUE</string>				<string>MIN_VALUE</string>				<string>NaN</string>				<string>NEGATIVE_INFINITY</string>				<string>POSITIVE_INFINITY</string>				<string>toString</string>				<string>valueOf</string>				<string>domain</string>				<string>close</string>				<string>send</string>				<string>connect</string>				<string>constructor</string>				<string>Object</string>				<string>addProperty</string>				<string>hasOwnProperty</string>				<string>isPropertyEnumerable</string>				<string>isPrototypeOf</string>				<string>registerClass</string>				<string>toLocaleString</string>				<string>toString</string>				<string>unwatch</string>				<string>valueOf</string>				<string>watch</string>				<string>PrintJob</string>				<string>start</string>				<string>addPage</string>				<string>send</string>				<string>Recordset</string>				<string>getColumnNames</string>				<string>addView</string>				<string>getLength</string>				<string>getItemAt</string>				<string>getItemID</string>				<string>addItemAt</string>				<string>addItem</string>				<string>replaceItemAt</string>				<string>setField</string>				<string>removeItemAt</string>				<string>removeAll</string>				<string>sortItemsBy</string>				<string>isLocal</string>				<string>isFullyPopulated</string>				<string>getNumberAvailable</string>				<string>setDeliveryMode</string>				<string>filter</string>				<string>sort</string>				<string>Selection</string>				<string>addListener</string>				<string>broadcastMessage</string>				<string>getBeginIndex</string>				<string>getCaretIndex</string>				<string>getEndIndex</string>				<string>getFocus</string>				<string>onSetFocus</string>				<string>removeListener</string>				<string>setFocus</string>				<string>setSelection</string>				<string>ServiceObject</string>				<string>functionName</string>				<string>SharedObject</string>				<string>clear</string>				<string>close</string>				<string>connect</string>				<string>data</string>				<string>deleteAll</string>				<string>flush</string>				<string>get</string>				<string>getDiskUsage</string>				<string>getLocal</string>				<string>getProperty</string>				<string>getPropertyName</string>				<string>getRemote </string>				<string>getSize</string>				<string>handlerName</string>				<string>lock</string>				<string>name</string>				<string>onStatus</string>				<string>onSync</string>				<string>purge</string>				<string>resyncDepth</string>				<string>send</string>				<string>setFps</string>				<string>setProperty</string>				<string>size</string>				<string>unlock</string>				<string>version</string>				<string>Sound</string>				<string>attachSound</string>				<string>duration</string>				<string>getBytesLoaded</string>				<string>getBytesTotal</string>				<string>getDuration</string>				<string>getPan</string>				<string>getPosition</string>				<string>getTransform</string>				<string>getVolume</string>				<string>id3</string>				<string>album</string>				<string>artist</string>				<string>comment</string>				<string>genre</string>				<string>songname</string>				<string>track</string>				<string>year</string>				<string>loadSound</string>				<string>onID3</string>				<string>onLoad</string>				<string>onSoundComplete</string>				<string>position</string>				<string>setDuration</string>				<string>setPan</string>				<string>setPosition</string>				<string>setTransform</string>				<string>setVolume</string>				<string>start</string>				<string>stop</string>				<string>Stage</string>				<string>addListener</string>				<string>align</string>				<string>broadcastMessage</string>				<string>height</string>				<string>onResize</string>				<string>removeListener</string>				<string>scaleMode</string>				<string>showMenu</string>				<string>width</string>				<string>Stream</string>				<string>bufferTime</string>				<string>clear</string>				<string>get</string>				<string>length</string>				<string>name</string>				<string>onStatus</string>				<string>play</string>				<string>record</string>				<string>send</string>				<string>setBufferTime</string>				<string>String</string>				<string>charAt</string>				<string>charCodeAt</string>				<string>concat</string>				<string>fromCharCode</string>				<string>indexOf</string>				<string>lastIndexOf</string>				<string>length</string>				<string>slice</string>				<string>split</string>				<string>substr</string>				<string>substring</string>				<string>toLowerCase</string>				<string>toUpperCase</string>				<string>System</string>				<string>capabilities</string>				<string>avHardwareDisable</string>				<string>exactSettings</string>				<string>hasAudioEncoder</string>				<string>hasAccesibility</string>				<string>hasAudio</string>				<string>hasEmbeddedVideo</string>				<string>hasMP3</string>				<string>hasPrinting</string>				<string>hasScreenBroadcast</string>				<string>hasScreenPlayback</string>				<string>hasStreamingVideo</string>				<string>hasStreamingAudio</string>				<string>hasVideoEncoder</string>				<string>input</string>				<string>isDebugger</string>				<string>language</string>				<string>localFileReadDisable</string>				<string>manufacturer</string>				<string>os</string>				<string>onStatus</string>				<string>pixelAspectRatio</string>				<string>playerType</string>				<string>screenColor</string>				<string>screenDPI</string>				<string>screenResolution</string>				<string>x</string>				<string>y</string>				<string>serverString</string>				<string>setClipboard</string>				<string>useCodepage</string>				<string>version</string>				<string>Product</string>				<string>Download</string>				<string>isInstalled</string>				<string>isRunning</string>				<string>Launch</string>				<string>name</string>				<string>security </string>				<string>allowDomain</string>				<string>allowInsecureDomain</string>				<string>ShowSettings</string>				<string>showSettings</string>				<string>TextField</string>				<string>addListener</string>				<string>autoSize</string>				<string>background</string>				<string>backgroundColor</string>				<string>border</string>				<string>borderColor</string>				<string>bottomScroll</string>				<string>condenseWhite</string>				<string>embedFonts</string>				<string>getDepth</string>				<string>getFontList</string>				<string>getNewTextFormat</string>				<string>getTextFormat</string>				<string>hscroll</string>				<string>html</string>				<string>htmlText</string>				<string>length</string>				<string>maxChars</string>				<string>maxhscroll</string>				<string>maxscroll</string>				<string>mouseWheelEnabled</string>				<string>multiline</string>				<string>onChanged</string>				<string>onKillFocus</string>				<string>onScroller</string>				<string>onSetFocus</string>				<string>password</string>				<string>removeListener</string>				<string>removeTextField</string>				<string>replaceSel</string>				<string>restrict</string>				<string>scroll</string>				<string>selectable</string>				<string>setNewTextFormat</string>				<string>setTextFormat</string>				<string>styleSheet</string>				<string>StyleSheet</string>				<string>getStyle</string>				<string>getStyleNames</string>				<string>load</string>				<string>onLoad</string>				<string>parseCSS</string>				<string>setStyle</string>				<string>tabEnabled</string>				<string>tabIndex</string>				<string>text</string>				<string>textColor</string>				<string>textHeight</string>				<string>textWidth</string>				<string>type</string>				<string>variable</string>				<string>wordWrap</string>				<string>TextFormat</string>				<string>align</string>				<string>blockIndent</string>				<string>bold</string>				<string>bullet</string>				<string>color</string>				<string>font</string>				<string>getTextExtent</string>				<string>indent</string>				<string>italic</string>				<string>leading</string>				<string>leftMargin</string>				<string>rightMargin</string>				<string>size</string>				<string>tabStops</string>				<string>target</string>				<string>underline</string>				<string>url</string>				<string>TextSnapshot</string>				<string>findText</string>				<string>getCount</string>				<string>getSelected</string>				<string>getSelectedText</string>				<string>getText</string>				<string>hitTestTextNearPos</string>				<string>setSelectColor</string>				<string>setSelected</string>				<string>Video</string>				<string>attachVideo</string>				<string>clear</string>				<string>deblocking</string>				<string>height</string>				<string>smoothing</string>				<string>width</string>				<string>Void</string>				<string>XML</string>				<string>addRequestHeader</string>				<string>appendChild</string>				<string>attributes</string>				<string>childNodes</string>				<string>cloneNode</string>				<string>contentType</string>				<string>createElement</string>				<string>createTextNode</string>				<string>docTypeDecl</string>				<string>firstChild</string>				<string>getBytesLoaded</string>				<string>getBytesTotal</string>				<string>haschildNodes</string>				<string>ignoreWhite</string>				<string>init</string>				<string>insertBefore</string>				<string>lastChild</string>				<string>load</string>				<string>loaded</string>				<string>nextSibling</string>				<string>nodeName</string>				<string>nodeType</string>				<string>nodeValue</string>				<string>onData</string>				<string>onLoad</string>				<string>parentNode</string>				<string>parseXML</string>				<string>previousSibling</string>				<string>removeNode</string>				<string>send</string>				<string>sendAndLoad</string>				<string>status</string>				<string>toString</string>				<string>xmlDecl</string>				<string>XMLNode</string>				<string>XMLSocket</string>				<string>close</string>				<string>connect</string>				<string>onClose</string>				<string>onConnect</string>				<string>onData</string>				<string>onXML</string>				<string>send</string>            </keywords>
            <keywords id="Application API and Central API" color="#4D4DFF" useforautocomplete="yes">
			     <string>onActivate</string>			     <string>onDeactivate</string>			     <string>onNetworkChange</string>			     <string>onNoticeEvent</string>			     <string>onUninstall</string>			     <string>onPaymentResult</string>			     <string>onSelectedItem</string>			     <string>showPreferences</string>			     <string>getMaximumSize</string>			     <string>getMinimumSize</string>			     <string>setBaseTabIndex</string>			     <string>getLastTabIndex</string>			     <string>addNotice</string>			     <string>addPod</string>			     <string>addToLocalInternetCache</string>			     <string>getPods</string>			     <string>getPreferences</string>			     <string>getViewedApplications</string>			     <string>getViewedPods</string>			     <string>getNotices</string>			     <string>inLocalInternetCache</string>			     <string>isConnected</string>			     <string>isConsoleOpen</string>			     <string>removeFromLocalInternetCache</string>			     <string>removeNotice</string>			     <string>removePod</string>			     <string>stopAgent</string>			     <string>viewPod</string>			     <string>editLocationDialog</string>			     <string>getAgent</string>			     <string>isPurchased</string>			     <string>newLocationDialog</string>			     <string>requestPayment</string>			     <string>requestSizeChange</string>			     <string>setStatus</string>			     <string>startAgent</string>			     <string>validateActivationKey</string>			     <string>loadApplication</string>			     <string>initAgent</string>			     <string>initApplication</string>			     <string>initPod</string>			     <string>onFault</string>			     <string>getCall</string>			     <string>myMethodName</string>			     <string>getOutputParameter</string>			     <string>getOutputParameterByName</string>			     <string>getOutputParameters</string>			     <string>ByName</string>			     <string>getOutputValue</string>			     <string>getOutputValues</string>			     <string>onResult</string>			     <string>request</string>			     <string>response</string>			     <string>addHeader</string>			     <string>concurrency</string>			     <string>doDecoding</string>			     <string>doLazyDecoding</string>			     <string>createCall</string>			     <string>onLog</string>			     <string>addItems</string>			     <string>addItemsAt</string>			     <string>getAllItems</string>			     <string>getIndexByKey</string>			     <string>getIndicesByKey</string>			     <string>getItemByKey</string>			     <string>getItemsByKey</string>			     <string>getSortState</string>			     <string>modelChanged</string>			     <string>replaceAllItems</string>			     <string>setItemByKey</string>			     <string>updateItem</string>			     <string>updateItemByIndex</string>			     <string>updateView</string>			     <string>createClient</string>			     <string>createServer</string>			     <string>exec</string>			     <string>match</string>			     <string>test</string>			     <string>replace</string>			     <string>replaceItemAt</string>			     <string>lastIndex</string>			     <string>global</string>			     <string>ignoreCase</string>			     <string>dotall</string>			     <string>source</string>			     <string>extended</string>			     <string>toolTipText</string>			     <string>encode</string>			     <string>setType</string>            </keywords>
            <keywords id="Properties" color="#881280" useforautocomplete="yes">
				<string>_accProps</string>				<string>_alpha</string>				<string>_changed</string>				<string>_currentframe</string>				<string>_droptarget</string>				<string>_flash</string>				<string>_focusrect</string>				<string>_framesloaded</string>				<string>_global</string>				<string>_height</string>				<string>_highquality</string>				<string>_level</string>				<string>_listeners</string>				<string>_lockroot</string>				<string>_name</string>				<string>_parent</string>				<string>__proto__</string>				<string>_quality</string>				<string>__resolve</string>				<string>_root</string>				<string>_rotation</string>				<string>_soundbuftime</string>				<string>_target</string>				<string>_totalframes</string>				<string>_url</string>				<string>_visible</string>				<string>_width</string>				<string>_x</string>				<string>_xmouse</string>				<string>_xscale</string>				<string>_y</string>				<string>_ymouse</string>				<string>_yscale</string>            </keywords>
            <keywords id="Keywords" color="#881280" useforautocomplete="yes">
                <string>add</string>				<string>and</string>				<string>arguments</string>				<string>ASClamp</string>				<string>ASClamp2</string>				<string>ASConstructor</string>				<string>asfunction</string>				<string>ASInstanceOf</string>				<string>ASNative</string>				<string>ASNew</string>				<string>ASSetNative</string>				<string>ASSetPropFlags</string>				<string>break</string>				<string>call</string>				<string>callee</string>				<string>case</string>				<string>catch</string>				<string>chr</string>				<string>clearInterval</string>				<string>class</string>				<string>continue</string>				<string>constructor</string>				<string>dashBoardSave</string>				<string>data</string>				<string>default</string>				<string>delete</string>				<string>do</string>				<string>dragOver</string>				<string>dragOut</string>				<string>duplicateMovieClip</string>				<string>dynamic</string>				<string>else</string>				<string>enterFrame</string>				<string>eq</string>				<string>escape</string>				<string>eval</string>				<string>evaluate</string>				<string>extends</string>				<string>false</string>				<string>finally</string>				<string>for</string>				<string>fscommand</string>				<string>function</string>				<string>ge</string>				<string>get</string>				<string>getProperty</string>				<string>getTimer</string>				<string>getURL</string>				<string>getVersion</string>				<string>globalStyleFormat</string>				<string>gotoAndPlay</string>				<string>gotoAndStop</string>				<string>gt</string>				<string>if</string>				<string>ifFrameLoaded</string>				<string>implements</string>				<string>import</string>				<string>in</string>				<string>infinity</string>				<string>instanceof</string>				<string>int</string>				<string>interface</string>				<string>isFinite</string>				<string>isNaN</string>				<string>keyDown</string>				<string>keyPress</string>				<string>keyUp</string>				<string>label</string>				<string>le</string>				<string>length</string>				<string>load</string>				<string>loadMovie</string>				<string>loadMovieNum</string>				<string>loadVariables</string>				<string>loadVariablesNum</string>				<string>lt</string>				<string>maxscroll</string>				<string>mbchr</string>				<string>mblength</string>				<string>mbord</string>				<string>mbsubstring</string>				<string>method</string>				<string>MMSave</string>				<string>MMExecute</string>				<string>mouseDown</string>				<string>mouseMove</string>				<string>mouseUp</string>				<string>NaN</string>				<string>ne</string>				<string>new</string>				<string>newline</string>				<string>nextFrame</string>				<string>nextScene</string>				<string>not</string>				<string>null</string>				<string>on</string>				<string>onClipEvent</string>				<string>or</string>				<string>ord</string>				<string>parseFloat</string>				<string>parseInt</string>				<string>play</string>				<string>press</string>				<string>prevFrame</string>				<string>prevScene</string>				<string>print</string>				<string>printAsBitmap</string>				<string>printAsBitmapNum</string>				<string>printNum</string>				<string>private</string>				<string>prototype</string>				<string>public</string>				<string>release</string>				<string>releaseOutside</string>				<string>rollOver</string>				<string>rollOut</string>				<string>random</string>				<string>removeMovieClip</string>				<string>return</string>				<string>scroll</string>				<string>set</string>				<string>setInterval</string>				<string>setProperty</string>				<string>startDrag</string>				<string>static</string>				<string>stop</string>				<string>stopAllSounds</string>				<string>stopDrag</string>				<string>substring</string>				<string>super</string>				<string>switch</string>				<string>targetPath</string>				<string>tellTarget</string>				<string>this</string>				<string>throw</string>				<string>toggleHighQuality</string>				<string>trace</string>				<string>true</string>				<string>try</string>				<string>typeof</string>				<string>undefined</string>				<string>unescape</string>				<string>unload</string>				<string>unloadMovie</string>				<string>unloadMovieNum</string>				<string>updateAfterEvent</string>				<string>var</string>				<string>void</string>				<string>while</string>				<string>with</string>            </keywords>
            <keywords id="Numbers" color="#994500" useforautocomplete="no">
				<regex>(?&lt;=[^[A-Za-z0-9]]|^)((([0-9]+\.[0-9]*)|(\.[0-9]+)([eE][+\-]?[0-9]+)?[fFlL]?)|((([1-9][0-9]*)|0[0-7]*|(0[xX][0-9a-fA-F]))(([uU][lL]?)|([lL][uU]?))?))(?=[^[A-Za-z0-9]]|$)</regex>
            </keywords>
            <keywords id="Operators" color="#000" useforautocomplete="no">
				<regex>([\(\)\+\-\*\\\=\{\}\[\]\|\!\:\&lt;\&gt;])</regex>
            </keywords>
            <keywords id="Preprocessor" color="#FF6500" useforautocomplete="no">
				<regex>(^[ 	]*#([^\n\r])*)</regex>
            </keywords>
        </default>
        
        <state id="JavadocComment" color="#999" background-color="none" font-weight="bold" font-style="italic">
            <begin><string>/\*\*[\n\r]</string></begin>
            <end><regex>\*/</regex></end>
        </state>

        <state id="Comment" color="#999" background-color="none" font-weight="normal" font-style="italic">
            <begin><string>/\*</string></begin>
            <end><regex>\*/</regex></end>
        </state>
        
        <state id="SingleComment" color="#999" background-color="none" font-weight="normal" font-style="italic">
            <begin><string>//</string></begin>
            <end><regex>[\n\r]</regex></end>
        </state>
        
        <state id="String" color="#1A1AA6" background-color="none" font-weight="normal" font-style="normal">
            <begin><string>"</string></begin>
            <end><regex>(((?&lt;!\\)(\\\\)*)|^)"</regex></end>
        </state>
    </states>

</syntax>